,player_name,team_name,primary_position,player_season_90s_played,player_season_obv_90,player_season_obv_pass_90,player_season_obv_shot_90,player_season_obv_defensive_action_90,player_season_obv_dribble_carry_90,player_season_obv_gk_90,player_season_np_xg_90
0,Kamohelo Mokotjo,Sekhukhune United,Right Defensive Midfielder,23.447407,0.16870885,0.073543705,-0.013692762,0.0539216,0.054936297,,0.012002997
1,Keagan Dolly,Kaizer Chiefs FC,Left Wing,4.5162964,0.16625145,0.16628271,-0.039696373,-0.009641475,0.049306598,,0.027968133
2,Bongani Zungu,Mamelodi Sundowns FC,Right Centre Back,7.1475925,-0.028321167,0.063945174,-0.010567015,-0.062137954,-0.01956138,,0.008475069
3,Higor Felipe Vidal,TS Galaxy FC,Centre Attacking Midfielder,11.068704,0.13306312,0.09101986,-0.03475501,0.014828325,0.061969955,,0.08374202
4,Leo Thethani,Cape Town Spurs,Right Wing,1.5077777,-0.034128238,0.021964671,-0.045691352,0.01065055,-0.0210521,,0.029651375
5,Tashreeq Matthews,Mamelodi Sundowns FC,Left Wing,7.285556,0.12029568,0.059557892,0.041301075,0.0077669215,0.011669786,,0.39608833
6,Kgaogelo Rathete Sekgota,Stellenbosch FC,Left Wing,5.170926,0.112838015,0.10230688,-0.029454045,-0.006873976,0.04685916,,0.028578278
7,Vladimir Silađi,TS Galaxy FC,Centre Forward,0.5709259,-0.2057664,-0.19737913,,0.01809142,-0.026478723,,0.0
8,Matías Eduardo Esquivel,Mamelodi Sundowns FC,Centre Attacking Midfielder,5.911852,0.042264696,0.04461585,-0.078381084,0.010105969,0.065923944,,0.1897096
9,Marcelo Ivan Allende Bravo,Mamelodi Sundowns FC,Right Defensive Midfielder,15.4357395,0.27459982,0.122543246,0.039030313,0.036746364,0.0762799,,0.080219515
10,Kermit Romeo Erasmus,Orlando Pirates FC,Centre Attacking Midfielder,2.3666666,-0.13741608,-0.08360971,-0.02463798,0.012287947,-0.041456345,,0.047471706
11,Lucas Ribeiro Costa,Mamelodi Sundowns FC,Centre Forward,14.929998,0.45586556,0.11154168,0.21892916,0.027884327,0.09751045,,0.36129352
12,Darren Keet,Cape Town City FC,Goalkeeper,30.45389,0.22059378,0.085855685,,0.0028861158,0.06486759,0.06698437,0.0
13,Thakgalo Khanya Leshabela,Cape Town City FC,Left Centre Midfielder,3.2444444,0.12735645,-0.027452976,,0.047613326,0.1071961,,0.0
14,Repo Tercious Malepe,Richards Bay FC,Left Defensive Midfielder,3.848889,0.07534519,-0.0091036875,-0.051388428,0.13815513,-0.0023178512,,0.04024376
15,Repo Tercious Malepe,AmaZulu FC,Left Defensive Midfielder,4.2966666,-0.09413852,-0.080003306,-0.04712151,-0.03149075,0.06447704,,0.026087238
16,Tapelo Xoki,Orlando Pirates FC,Left Centre Back,25.778147,0.17711234,0.10212733,-0.03926898,0.063247785,0.051006213,,0.058204375
17,Mbongeni Gumede,AmaZulu FC,Right Centre Back,21.467222,0.11803812,0.06900471,0.016828569,-0.00631579,0.038520627,,0.07760868
18,Siyethemba Sithebe,Kaizer Chiefs FC,Left Defensive Midfielder,9.479815,0.13532078,0.024469934,0.018032175,0.031501435,0.06131726,,0.083827674
19,Andre Ernest De Jong,Stellenbosch FC,Centre Attacking Midfielder,16.427593,-0.02471379,0.021316253,-0.08340088,0.002270028,0.03510079,,0.12026894
20,Amigo Luvuyo Memela,Chippa United FC,Centre Attacking Midfielder,8.923149,0.0051191505,0.047225703,-0.020121325,0.022146832,-0.04413204,,0.068506315
21,Makhehlene Makhaula,Orlando Pirates FC,Right Defensive Midfielder,9.6853695,0.09523755,0.026177773,0.0021572304,0.036978915,0.029923612,,0.022706356
22,Sibusiso Mabiliso,AmaZulu FC,Left Back,0.7772223,0.040394627,0.11325726,,-0.067570254,-0.0052924124,,0.0
23,Thembela Sikhakhane,AmaZulu FC,Right Wing Back,13.83463,0.19436577,0.14023677,-0.0311746,0.02788338,0.057420254,,0.03417139
24,Somila Ntsundwana,Richards Bay FC,Left Wing,20.667591,0.09920795,0.019957045,-0.006777439,0.019086946,0.06694141,,0.12239417
25,Neil Matthew Boshoff,Cape Town Spurs,Goalkeeper,17.40648,0.0373094,0.10631794,,-0.011980995,0.079127416,-0.13615495,0.0
26,Thulani Hlatshwayo,SuperSport United FC,Left Centre Back,23.220928,-0.008658465,0.044741273,-0.05755099,-0.02133306,0.0254843,,0.05839152
27,Ntsikelelo Nyauza,Swallows FC,Left Centre Back,7.901666,0.13890739,0.051555555,-0.021324309,0.09026176,0.018414386,,0.028014984
28,Onassis Linda Mntambo,Sekhukhune United,Centre Forward,9.547962,0.16516247,0.0013870979,0.13699853,-0.0040712794,0.030848118,,0.27680504
29,Maliele Vincent Pule,Orlando Pirates FC,Right Wing,3.3994446,0.16766319,0.15388767,-0.041655976,0.019222401,0.036209147,,0.035760853
30,Ben Motshwari,AmaZulu FC,Centre Defensive Midfielder,17.313889,0.10050947,-0.0105648395,-0.011337843,0.055937275,0.066474885,,0.016607232
31,Fortune Makaringe,Orlando Pirates FC,Right Back,7.5529623,0.19997534,0.11435681,0.031949926,0.012902693,0.040765908,,0.09473323
32,Kabelo Dlamini,Orlando Pirates FC,Right Wing,10.383889,0.18677226,0.17357028,-0.038026106,0.018514117,0.032714,,0.1564497
33,Zakhele Lerato Lepasa,Orlando Pirates FC,Centre Forward,7.320184,-0.145136,-0.057767957,-0.06435656,-0.016263435,-0.00674806,,0.3138403
34,Siphesihle Ndlovu,SuperSport United FC,Left Defensive Midfielder,19.375557,0.11949524,0.008874543,-0.018899081,0.07085109,0.058668684,,0.052453578
35,Terrence Dzvukamanja,SuperSport United FC,Centre Attacking Midfielder,18.852222,-0.042832844,-0.007836115,-0.032223098,0.004758964,-0.0075325957,,0.12852989
36,Deon Hotto Kavendji,Orlando Pirates FC,Left Back,24.779263,0.22042975,0.15268283,-0.03729061,0.011346086,0.093691476,,0.04382516
37,Gabadinho Hellings Frank Mhango,Swallows FC,Left Centre Forward,18.66722,-0.0069335024,0.014321093,-0.10108029,-5.6700297e-05,0.07988239,,0.20762086
38,Innocent Maela,Orlando Pirates FC,Left Back,8.44463,0.25352693,0.22768825,-0.030183403,0.0053256215,0.05069647,,0.028641697
39,Thembinkosi Lorch,Orlando Pirates FC,Left Wing,7.3907404,0.16610569,0.123007774,-0.043133788,0.006217177,0.08001451,,0.051669575
40,Thembinkosi Lorch,Mamelodi Sundowns FC,Right Centre Forward,7.5348153,0.24867341,0.14808407,0.10703793,-0.005072147,-0.0013765303,,0.16482368
41,Wayde  Jooste,AmaZulu FC,Right Wing Back,19.06222,0.2954535,0.19634137,-0.02003039,0.040660325,0.07848218,,0.013845183
42,Thabiso James Monyane,Orlando Pirates FC,Right Back,15.3551855,0.16250028,0.11326032,-0.053269226,0.02896097,0.07354821,,0.10309606
43,Siyabonga Mpontshane,Orlando Pirates FC,Goalkeeper,0.4438889,-1.6377667,0.07021491,,,0.06269343,-1.7706751,0.0
44,Thabang Amod Monare,Orlando Pirates FC,Right Defensive Midfielder,9.648519,0.11455335,0.026994195,-0.014880237,0.014210788,0.08822859,,0.056545094
45,Miguel Raoul Timm,Orlando Pirates FC,Left Defensive Midfielder,16.545557,0.13300423,0.06363882,-0.0049755503,0.023550704,0.050790273,,0.0049510356
46,Celimpilo Ngema,AmaZulu FC,Left Defensive Midfielder,18.575556,0.13435674,-0.010721073,0.03413796,0.0031446565,0.107795164,,0.066890195
47,Nicholus Lukhubeni,Cape Town Spurs,Right Back,7.6129627,0.19748466,0.11855095,-0.0077969977,0.04703192,0.039698776,,0.0012091327
48,Washington Arubi,SuperSport United FC,Goalkeeper,6.1929626,-0.52941924,0.18758948,,-0.0007538837,0.023095425,-0.7393503,0.0
49,Lebohang Mabotja,Sekhukhune United,Left Back,8.688704,0.2878445,0.16833933,,0.093729176,0.025775973,,0.0
50,Ndabayithethwa Ndlondlo,Orlando Pirates FC,Left Defensive Midfielder,13.836667,0.05530991,0.009437833,-0.044597372,0.0059817503,0.0844877,,0.05556641
51,Brandon Junior Theron,Lamontville Golden Arrows FC,Right Back,16.328333,0.28381592,0.16511412,0.0019371801,0.053728428,0.06303623,,0.00395103
52,Spiwe Given Msimango,Kaizer Chiefs FC,Right Centre Back,24.864626,0.06066665,0.030572597,-0.06808365,0.07309116,0.025086535,,0.049868856
53,Tshegofatso Nyama,Cape Town City FC,Left Wing Back,7.353148,0.033890836,0.043338608,-0.06283446,-0.026270678,0.07965736,,0.073091924
54,Lindokuhle John Mbatha,TS Galaxy FC,Left Wing,13.086483,0.04448309,-0.015739866,-0.04348618,0.007008284,0.09670088,,0.087951005
55,Mlungisi Mbunjana,TS Galaxy FC,Left Defensive Midfielder,19.33074,0.08824096,0.038248047,-0.03806244,0.021050535,0.06700479,,0.042391762
56,Sihle Nduli,Stellenbosch FC,Right Defensive Midfielder,18.98074,0.06703278,0.024060696,-0.016315285,0.046276078,0.013011274,,0.016322058
57,Mokete Mogaila,Royal AM FC,Right Back,16.037407,0.15458332,0.08687175,-0.021316066,0.033190303,0.05583734,,0.019770829
58,Sanele Barns,Richards Bay FC,Right Midfielder,29.258333,0.25473303,0.14510323,0.04601479,0.017604418,0.046010576,,0.11764325
59,Mxolisi Macuphu,Royal AM FC,Centre Forward,11.594258,-0.048927043,-0.13706286,0.08205856,-0.0007034331,0.0067806602,,0.21008222
60,Bathusi Jurry Aubaas,Mamelodi Sundowns FC,Right Centre Back,8.062778,0.0009873498,0.030278167,-0.032489233,-0.050094865,0.05329325,,0.031082539
61,Marks Munyai,TS Galaxy FC,Right Back,20.167036,0.15449195,0.14141332,-0.018430417,-0.010967319,0.042476363,,0.017888334
62,Veli Mothwa,AmaZulu FC,Goalkeeper,23.80778,0.16696607,0.09956913,,-0.006386865,0.066675946,0.00710786,0.0
63,Bienvenu Eva Nga,Chippa United FC,Centre Forward,9.019444,0.023311522,-0.0882603,-0.058802664,0.039188094,0.13118638,,0.2145135
64,Gregory Damons,Swallows FC,Right Wing,3.7003706,-0.041525513,-0.06849978,-0.04894901,-0.027862608,0.10378588,,0.07474907
65,Riaan Hanamub,AmaZulu FC,Left Wing Back,29.095001,0.2533315,0.20331995,-0.008943152,0.009124687,0.04982998,,0.027181266
66,Maloisane Mokhele,Sekhukhune United,Centre Attacking Midfielder,4.6662955,0.12625273,-0.0077636503,0.008466506,0.010355385,0.115194485,,0.37349707
67,Augustine Chidi Kwem,AmaZulu FC,Left Centre Forward,10.631666,-0.04279871,-0.0144826295,-0.13251434,0.10257466,0.0016236472,,0.5464006
68,Daniel Akpeyi,Swallows FC,Goalkeeper,28.400185,0.07907292,0.07024841,,0.0013359371,0.07148459,-0.063995995,0.0
69,Bernard Parker,TS Galaxy FC,Left Defensive Midfielder,8.392777,0.1306003,0.08739443,-0.035180114,-0.0048489324,0.08323492,,0.12075026
70,Ramahlwe Mphahlele,AmaZulu FC,Right Centre Back,25.35963,0.18312252,0.085386276,0.010977089,0.028296648,0.058462515,,0.023609415
71,Reeve Frosler,Kaizer Chiefs FC,Right Back,18.099813,0.27714103,0.17139402,-0.010402011,0.04367608,0.07247292,,0.008572777
72,Nkosingiphile Nhlakanipho Ngcobo,Kaizer Chiefs FC,Centre Attacking Midfielder,7.4366665,0.037344523,0.0033695726,-0.011459174,0.00929467,0.036139444,,0.05009464
73,Daniel Cardoso,Sekhukhune United,Left Centre Back,25.87852,0.09635766,0.047790296,-0.022730153,0.042602118,0.028695418,,0.04150442
74,Happy Mashiane,Kaizer Chiefs FC,Left Back,1.6587036,0.1952011,0.1580757,,0.01998593,0.017139453,,0.0
75,Itumeleng Khune,Kaizer Chiefs FC,Goalkeeper,4.3598146,-0.12757273,0.060917117,,,0.07675377,-0.26524362,0.0
76,Keletso Sifama,Sekhukhune United,Left Wing,1.6557407,-0.2006915,-0.1731169,0.007999489,-0.005488449,-0.030085642,,0.10350114
77,Bruce Bvuma,Kaizer Chiefs FC,Goalkeeper,18.506113,-0.045012854,0.07461142,,0.0003990856,0.051353537,-0.17137694,0.0
78,Lebohang Kgosana Maboe,Mamelodi Sundowns FC,Right Centre Midfielder,7.709259,0.022840781,0.02699442,-0.081330284,0.027679821,0.049496803,,0.102581516
79,Denis Masinde Onyango,Mamelodi Sundowns FC,Goalkeeper,5.8227777,0.14029907,0.08147102,,,0.08021906,-0.021391008,0.0
80,Khuliso Johnson Mudau,Mamelodi Sundowns FC,Right Back,12.428704,0.14677931,0.099121116,-0.025070168,0.007603497,0.065124884,,0.019370748
81,George Nyiko Maluleka,AmaZulu FC,Right Defensive Midfielder,3.7857404,0.19175993,0.16610052,-0.06981283,-0.014433683,0.10990592,,0.04999155
82,Rivaldo Coetzee,Mamelodi Sundowns FC,Right Centre Back,14.952592,0.15303996,0.10867842,-0.026381,0.02113132,0.04961121,,0.022300577
83,Peter Shalulile,Mamelodi Sundowns FC,Centre Forward,18.595926,-0.0035564732,-0.020890484,0.007681728,0.0032902202,0.006362056,,0.51493293
84,Andile Ernest Jali,Swallows FC,Right Defensive Midfielder,10.257778,0.055713765,0.04521433,-0.010560973,0.015743786,0.0053166253,,0.0071275737
85,Lyle Lakay,SuperSport United FC,Left Centre Midfielder,19.868517,0.2621663,0.23887557,-0.031831015,0.028966889,0.026154863,,0.08557227
86,Themba Zwane,Mamelodi Sundowns FC,Centre Attacking Midfielder,13.453334,0.10918185,0.0362291,-0.035466257,0.018190335,0.09022866,,0.05532385
87,Thapelo James Morena,Mamelodi Sundowns FC,Right Back,8.968704,0.062455185,0.0021260302,0.040086165,-0.055745687,0.07598867,,0.17786135
88,Mosa Lebusa,Mamelodi Sundowns FC,Left Centre Back,13.932407,0.073750086,0.051810656,-0.02949865,0.024849856,0.02658823,,0.02399384
89,Sphelele Mkhulise,Mamelodi Sundowns FC,Centre Defensive Midfielder,13.089075,0.11453554,0.058826853,-0.025512177,0.02835469,0.052866187,,0.026899353
90,Mothobi Mvala,Mamelodi Sundowns FC,Left Centre Back,15.204073,0.25602207,0.16599777,-0.025459232,0.060778484,0.05470506,,0.026233295
91,Aubrey Maphosa Modiba,Mamelodi Sundowns FC,Left Back,14.468889,0.27865747,0.19554278,-0.014736406,-0.01466489,0.11251591,,0.131701
92,Jayden Adams,Stellenbosch FC,Left Defensive Midfielder,24.279074,0.19946773,0.061637796,0.010728465,0.039135553,0.087965935,,0.08258885
93,Ryan Moon,Lamontville Golden Arrows FC,Centre Forward,10.45537,0.08604699,0.04161996,-0.036663394,0.0027285987,0.07836182,,0.15011962
94,Alton Zitha Kwinika,Kaizer Chiefs FC,Right Back,12.562037,0.21013698,0.0848742,-0.014234384,0.11047939,0.0290178,,0.008994981
95,Marc van Heerden,Cape Town City FC,Left Centre Back,21.652777,0.2485052,0.18230253,-0.030020844,0.05048634,0.045737118,,0.039679475
96,Lee Langeveldt,Stellenbosch FC,Goalkeeper,1.0674074,0.21167654,0.1076904,,,0.1223559,-0.018369764,0.0
97,Sibusiso Mthethwa,Richards Bay FC,Right Centre Back,16.744999,0.08135893,0.030382864,-0.03981752,0.04375083,0.047042776,,0.03658093
98,Sage Shane Stephens,Stellenbosch FC,Goalkeeper,24.618702,0.14014044,0.10505965,,-0.000108653665,0.06936551,-0.03417605,0.0
99,Rafiq De Goede,Cape Town Spurs,Centre Back,3.7124074,0.017515816,0.0117388945,-0.0145221995,-0.010581099,0.030880209,,0.0116524305
100,Zaphaniah Mbokoma,Sekhukhune United,Left Attacking Midfielder,0.51092595,0.083263256,0.015575161,,-0.001941453,0.06962955,,0.0
101,Tlakusani Mthethwa,Swallows FC,Right Defensive Midfielder,12.412038,0.094966605,-0.011039944,-0.010430841,0.048059925,0.06837745,,0.00627069
102,Thabo Matlaba,Royal AM FC,Left Back,25.201853,0.18624248,0.13956438,0.018082755,-0.022389198,0.05098454,,0.038425278
103,Ruzaigh Gamildien,Royal AM FC,Centre Forward,4.326852,-0.16232537,-0.08696901,-0.039663773,-0.013476483,-0.022216093,,0.15267453
104,Njabulo Ngcobo,Kaizer Chiefs FC,Right Centre Back,8.860556,0.13247502,0.01388634,0.009056043,0.04459111,0.06494151,,0.09351462
105,Sammy Maphoko Seabi,Mamelodi Sundowns FC,Right Centre Midfielder,0.6898148,0.039755765,-0.0015744265,,0.018026577,0.023303606,,0.0
106,Sipho Sibiya,Swallows FC,Right Centre Back,4.8092594,-0.05651311,0.033181045,-0.030563604,-0.06900199,0.009871463,,0.039706524
107,Kagiso Joseph Malinga,Swallows FC,Left Centre Forward,9.321112,-0.052284323,-0.015869217,-0.057343915,0.01707755,0.0038512715,,0.054396782
108,Kagiso Joseph Malinga,Lamontville Golden Arrows FC,Left Wing,4.7283335,0.2812809,0.04721504,0.15253249,0.0406439,0.040889468,,0.21387409
109,Fawaaz Basadien,Stellenbosch FC,Left Back,25.080921,0.30604187,0.19213709,-0.014368055,0.066770464,0.061502315,,0.03083537
110,Mthokozisi Shwabule,Swallows FC,Left Back,1.7601852,-0.14395835,-0.06889498,,-0.06818498,-0.00687838,,0.0
111,Wandisile Letlabika,Swallows FC,Centre Back,0.39629632,0.31392148,0.32315108,,-0.031209094,0.021979453,,0.0
112,Thabo Nodada,Cape Town City FC,Right Defensive Midfielder,12.534815,0.064562224,0.0023026932,0.009230792,0.0044302423,0.048598494,,0.04460689
113,Craig Martin,Chippa United FC,Right Wing,14.658704,0.14613801,-0.013906055,0.034228988,0.0066696354,0.119145446,,0.2248794
114,Amethyst Bradley Ralani,Cape Town Spurs,Centre Attacking Midfielder,5.9824076,-0.0022901513,0.029516112,-0.10165477,0.020350946,0.049497586,,0.13802436
115,Thato Tsiliso Mokeke,Cape Town Spurs,Right Defensive Midfielder,4.974815,0.13188761,0.081869386,-0.009293574,0.036810756,0.022501023,,0.003614495
116,Thato Tsiliso Mokeke,Cape Town City FC,Left Defensive Midfielder,5.5944443,0.09091949,0.041389424,-0.0066899834,0.03287155,0.023348495,,0.006948335
117,Taariq Fielies,Cape Town City FC,Centre Back,1.2794445,-0.02262798,-0.036880564,,-0.036953013,0.05120559,,0.0
118,Taariq Fielies,AmaZulu FC,Left Centre Back,17.191298,0.1275334,0.03739161,-0.046353836,0.09336359,0.04313206,,0.03956176
119,Abbubaker Mobara,AmaZulu FC,Left Centre Back,14.505738,0.2866225,0.14305331,-0.02135472,0.09910517,0.065818734,,0.057162113
120,Tashreeq Morris,Sekhukhune United,Centre Forward,1.5027778,-0.30068794,-0.029979605,-0.26735315,0.110391416,-0.1137466,,0.36898074
121,Edmilson Gabriel Dove,Kaizer Chiefs FC,Left Centre Back,15.184814,0.14832754,0.09221566,-0.030347478,0.023761198,0.06269813,,0.027253889
122,Mduduzi Mdantsane,Kaizer Chiefs FC,Centre Attacking Midfielder,6.0114822,0.07707332,0.13643529,-0.05419719,0.01492787,-0.020092633,,0.05315666
123,Thamsanqa Innocent Mkhize,Cape Town City FC,Right Centre Back,23.571667,0.17801967,0.106198244,-0.032845393,0.03254162,0.07212521,,0.04613268
124,Terrence Mashego,Mamelodi Sundowns FC,Left Back,8.93574,0.08920109,0.045558207,-0.05065829,0.021160042,0.07314115,,0.078632616
125,Keanu Grégory Cupido,Cape Town City FC,Right Centre Back,26.794073,0.20626105,0.13618226,-0.008734643,0.02360082,0.055212617,,0.01842417
126,Thamsanqa Tshiamo Masiya,Sekhukhune United,Right Wing,3.3674073,0.5607307,0.030036658,0.39718664,0.04832526,0.085182205,,0.324658
127,Nhlanhla Mgaga,Stellenbosch FC,Left Defensive Midfielder,10.057223,0.072635405,-0.0031259109,-0.041325178,0.038162414,0.07892409,,0.040872492
128,Manuel Kambala,Polokwane City,Left Defensive Midfielder,16.58,0.10548799,0.0658883,-0.05632126,0.05318351,0.04273745,,0.051041238
129,Vusi Tshepo Sibiya,Swallows FC,Left Centre Back,16.56741,0.08812152,0.040331908,-0.014062283,0.02591124,0.03594065,,0.012655782
130,Evidence Makgopa,Orlando Pirates FC,Centre Forward,12.025,-0.16605964,-0.09664263,0.009635586,0.01261565,-0.09166826,,0.28918177
131,Tshediso Patjie,Swallows FC,Left Wing,4.150741,0.00817363,0.07774176,-0.082385756,0.01610602,-0.0032883964,,0.074139304
132,Augustine Mahlonoko,Swallows FC,Centre Attacking Midfielder,5.990741,0.34953505,-0.030719012,0.18516712,0.030169463,0.16491747,,0.28365725
133,Gadinkame Malebogo Modise,Chippa United FC,Left Back,13.071298,0.30938742,0.2395947,-0.020926915,0.02709982,0.06361984,,0.020079998
134,Nazeer Allie,Cape Town Spurs,Right Back,10.8570385,0.19393377,0.14563504,0.0023942695,0.029921364,0.015983054,,0.0053602243
135,Pogiso Sanoka,TS Galaxy FC,Left Centre Back,31.536852,0.1281312,0.055105686,-0.01924697,0.0400815,0.05219098,,0.016172845
136,Thabiso Simon Kutumela,Cape Town City FC,Left Attacking Midfielder,17.334444,0.0019930443,-0.00032956863,-0.026513683,0.022609144,0.0062271412,,0.11204813
137,Bongani Mpandle,Cape Town City FC,Goalkeeper,1.1242592,-0.30323136,0.07131733,,,0.018054571,-0.39260322,0.0
138,Rushine De Reuck,Mamelodi Sundowns FC,Left Centre Back,2.4109259,-0.013997276,0.018269842,-0.054519523,-0.008385506,0.030637912,,0.039901886
139,Bandile Shandu,Orlando Pirates FC,Right Back,4.552963,0.42110848,0.19948603,0.14704643,0.03846852,0.03610757,,0.10408996
140,Tebogo Tlolane,Lamontville Golden Arrows FC,Centre Attacking Midfielder,5.658519,0.0037195422,-0.03271519,-0.061938796,0.03216396,0.06620957,,0.0775345
141,Keagan Wilbur Buchanan,Cape Town Spurs,Right Defensive Midfielder,9.37648,0.23422664,0.18899107,-0.015775595,0.032688003,0.02832318,,0.022233482
142,Jesse Robert Donn,SuperSport United FC,Right Defensive Midfielder,0.46259257,0.5091632,0.41017085,,0.089603595,0.00938872,,0.0
143,Clayton Daniels,Cape Town Spurs,Right Centre Back,11.958519,0.07942769,0.06686159,-0.053996623,0.038770728,0.027792007,,0.026985936
144,Bradley Grobler,SuperSport United FC,Centre Forward,21.136297,-0.08401011,0.0065025273,-0.03287502,-0.00619666,-0.05144096,,0.3575692
145,Gamphani Jones Lungu,SuperSport United FC,Right Wing,20.482224,0.18198398,0.120157436,-0.029951498,0.057158064,0.034619972,,0.054999582
146,Onismor Bhasera,SuperSport United FC,Left Back,13.161296,0.15439743,0.17665476,-0.08377683,0.012479477,0.049039997,,0.053300533
147,Siyabonga Nhlapo,Chippa United FC,Right Back,8.341482,0.3507477,0.2600454,-0.0038472132,0.06716773,0.02738175,,0.017709948
148,Jamie Craig Webber,Sekhukhune United,Centre Attacking Midfielder,17.58074,0.2230384,0.09114384,-0.0009692805,0.057188913,0.07567492,,0.10267102
149,Lucky Benjamine Mohomi,Richards Bay FC,Left Defensive Midfielder,5.4742594,0.02711361,-0.00086001575,-0.013610444,0.011105189,0.030478874,,0.013560514
150,Teboho Mokoena,Mamelodi Sundowns FC,Centre Defensive Midfielder,14.421666,0.20811911,0.1480258,-0.03486387,0.010749445,0.08420773,,0.06917473
151,Keenan Leigh Phillips,Swallows FC,Right Back,15.345556,0.15901937,0.11689418,0.0007569894,0.0067617893,0.03460638,,0.0047693476
152,Iqraam Rayners,Stellenbosch FC,Centre Forward,28.166294,0.15984458,0.012316781,0.09423802,-0.0041525573,0.057442307,,0.37512285
153,Thamsanqa Aubrey Gabuza,TS Galaxy FC,Centre Forward,2.9466667,-0.16208147,0.009284911,-0.17354621,0.030396804,-0.028216965,,0.27704018
154,Ronwen Williams,Mamelodi Sundowns FC,Goalkeeper,23.743517,0.33888403,0.123230435,,-0.0027355999,0.06132168,0.1570675,0.0
155,Gape Moralo,SuperSport United FC,Left Defensive Midfielder,15.5609255,0.11734874,0.012392154,0.016075699,0.011601238,0.07727964,,0.105366044
156,Oswin Reagan Appollis,Polokwane City,Left Midfielder,26.474815,0.15457082,0.03156334,0.016095873,0.005969898,0.100941665,,0.17053387
157,Júnior Leandro Mendieta,Mamelodi Sundowns FC,Centre Attacking Midfielder,7.0116673,0.20031278,0.028322443,0.13571495,0.013602456,0.02267293,,0.24468368
158,Ashley Du Preez,Kaizer Chiefs FC,Centre Forward,19.148888,0.12500542,0.04439065,0.017340468,0.02307273,0.04020159,,0.19379517
159,Pule Sydney Mmodi,Kaizer Chiefs FC,Left Wing,22.48685,0.11881554,0.012422074,-0.004295486,0.024472231,0.086216725,,0.085720286
160,Sifiso Mlungwana,Lamontville Golden Arrows FC,Goalkeeper,8.633518,-0.47419843,0.09427593,,-0.075654365,0.06900015,-0.5618201,0.0
161,Nkosinathi Sibisi,Orlando Pirates FC,Right Centre Back,11.276667,0.104131244,0.095224515,-0.034541644,-0.0042596883,0.04770804,,0.022299834
162,Velemseni Ndwandwe,Lamontville Golden Arrows FC,Right Defensive Midfielder,15.250369,0.029312,0.032744132,-0.040503792,0.03643745,0.00063420885,,0.037074804
163,Divine Lunga,Mamelodi Sundowns FC,Left Centre Back,5.293889,0.10314693,0.06320136,-0.0046035084,0.009601894,0.034947194,,0.009447399
164,Gladwin Shitolo,Lamontville Golden Arrows FC,Right Centre Back,28.128515,0.15296608,0.052624993,0.028886197,0.045058325,0.026396561,,0.035349704
165,Lindokuhle Praise Mtshali,Swallows FC,Centre Attacking Midfielder,20.202776,0.15594442,0.05465205,0.010039555,0.024812149,0.066440664,,0.15630877
166,Ntsako Neverdie Makhubela,Richards Bay FC,Centre Attacking Midfielder,5.136482,0.11032433,0.042863213,-0.0028324723,0.029081514,0.041212074,,0.093422316
167,Ntsako Neverdie Makhubela,Swallows FC,Right Midfielder,10.569259,0.040527154,-0.019740975,0.024177223,-0.008768156,0.044859067,,0.09013335
168,Siyavuya Nelson Ndlovu,Lamontville Golden Arrows FC,Right Back,3.1714814,0.03931256,0.03538086,,-0.013046915,0.01697859,,0.0
169,Nduduzo Sibiya,Lamontville Golden Arrows FC,Left Wing,16.806852,0.06557624,0.0036168671,-0.03707767,0.02362173,0.075415306,,0.13043796
170,Thabani Zuke,Lamontville Golden Arrows FC,Right Defensive Midfielder,6.5724072,0.20376556,0.031191481,,0.080305256,0.09226882,,0.0
171,Mpho Mathebula,Richards Bay FC,Right Centre Midfielder,1.2692593,0.07099527,0.036821254,,-0.012331056,0.046505082,,0.0
172,Kamohelo Abel Mahlatsi,Chippa United FC,Left Wing,4.9353704,0.0713316,0.0065543544,-0.001677449,0.00337801,0.0630767,,0.06620608
173,Sfiso Sandile Hlanti,Kaizer Chiefs FC,Left Back,20.73704,0.20217419,0.16625352,-0.00094445894,0.011069154,0.025795963,,0.03679128
174,Givemore Khupe,Swallows FC,Left Defensive Midfielder,2.645,0.045023598,0.04057469,-0.0055312756,0.007061795,0.0029183854,,0.007227019
175,Darrel Matsheke,Stellenbosch FC,Centre Defensive Midfielder,7.2705555,0.23411852,0.02028022,0.11769917,0.042075485,0.054063648,,0.131621
176,Dumisani Zuma,Swallows FC,Centre Attacking Midfielder,3.695185,-0.07402959,-0.043866932,-0.049442787,0.020684263,-0.0014041162,,0.038299438
177,Sibongiseni Mthethwa,Kaizer Chiefs FC,Right Defensive Midfielder,14.77685,0.09937282,-0.002951181,-0.0096840635,0.04883588,0.06317217,,0.009481063
178,Sibongiseni Mthethwa,Stellenbosch FC,Left Defensive Midfielder,6.847963,0.10600895,-0.02018248,-0.0060649985,0.072115995,0.060140423,,0.0044509303
179,Lifa Hlongwane,TS Galaxy FC,Right Centre Midfielder,0.9985185,0.54798484,0.43270364,,0.099317074,0.01596417,,0.0
180,Tiklas Thutlwa,Sekhukhune United,Left Wing,2.5157406,0.031489324,-0.020409208,-0.12176591,0.0074971677,0.1661673,,0.1823026
181,Edwin Gyimah,Sekhukhune United,Right Centre Back,5.618704,-0.07611275,0.028522996,-0.049682096,-0.065233976,0.010280331,,0.11440486
182,Ricardo Goss,SuperSport United FC,Goalkeeper,23.991667,0.22575153,0.17117843,,-0.0049263453,0.071581766,-0.012082282,0.0
183,Augustine Kabaso Mulenga,Chippa United FC,Left Midfielder,15.613149,0.09221099,0.08238291,-0.058769215,0.016785087,0.0518122,,0.07376486
184,Augustine Kabaso Mulenga,AmaZulu FC,Right Wing,8.050926,0.18103822,0.09536803,-0.020680126,0.01940905,0.08694132,,0.07663347
185,Goodman Mosele,Chippa United FC,Right Defensive Midfielder,21.606295,0.100005545,-0.0024737879,-0.015104155,0.038204852,0.07937864,,0.011954232
186,Dean David van Rooyen,Stellenbosch FC,Right Back,26.390373,0.2984627,0.17127931,-0.00027498297,0.05605462,0.07140374,,0.015497427
187,Phathutshedzo Nange,SuperSport United FC,Left Defensive Midfielder,2.3833334,0.02938334,0.016943127,-0.045415252,0.05172118,0.006134294,,0.09719017
188,Thabiso Lebitso,Chippa United FC,Right Midfielder,12.056852,0.063352756,0.03978449,-0.04222641,0.0029828958,0.06281177,,0.047287486
189,Thabiso Lebitso,Orlando Pirates FC,Right Back,6.0111113,0.27311507,0.1400791,-0.009373644,0.038770854,0.103638776,,0.030532455
190,Sandile Mthethwa,Orlando Pirates FC,Right Centre Back,1.4874074,0.7160974,0.1727293,0.34368578,0.1540513,0.045631107,,0.26374117
191,Kayden Francis,Chippa United FC,Right Wing,8.190741,0.12719896,0.035856508,-0.0010692091,0.015676556,0.07673512,,0.19434932
192,Paseka Matsobane Mako,Orlando Pirates FC,Left Back,3.249259,0.15869018,0.19629323,-0.018131496,-0.029373327,0.009901753,,0.0632309
193,Kwandakwensizwa Ishmael Mngonyama,Swallows FC,Right Centre Back,16.382595,0.23051915,0.10283648,-0.025060471,0.098550364,0.054192774,,0.023667581
194,Tshegofatso Mabasa,Swallows FC,Right Centre Forward,13.259814,0.039140183,-0.06012981,0.16064905,-0.016716236,-0.04466283,,0.18611121
195,Tshegofatso Mabasa,Orlando Pirates FC,Centre Forward,12.256296,0.17407683,-0.042279586,0.26776072,-0.0049564503,-0.046447895,,0.5414611
196,Brian Mandela Onyango,Mamelodi Sundowns FC,Right Centre Back,2.0272222,-0.23645082,0.08145651,-0.0297763,-0.3009604,0.012829374,,0.020513669
197,Tumelo Mangweni,Swallows FC,Left Centre Midfielder,0.15407407,-0.24457444,-0.032234333,-0.26438627,0.043565203,0.008480965,,0.106232345
198,Sifiso Ngobeni,AmaZulu FC,Left Wing Back,0.79981476,0.24441542,0.042411767,0.0657901,0.020286417,0.11592706,,0.14460306
199,Sifiso Ngobeni,Mamelodi Sundowns FC,,0.08111111,0.11814875,0.06998329,,,0.04816547,,0.0
200,Siphelele Luthuli,Chippa United FC,Centre Attacking Midfielder,7.4909267,0.14183329,0.031399023,0.01963064,0.034014832,0.056788776,,0.11687989
201,Ronald Pfumbidzai,SuperSport United FC,Left Back,9.828148,0.1351645,0.16316184,-0.057783213,0.017411841,0.012374055,,0.04839716
202,Justice Chabalala,Chippa United FC,Left Centre Back,28.79167,0.11355812,0.045726735,0.0022034375,0.046747968,0.018879974,,0.048446372
203,Sipho Chaine,Orlando Pirates FC,Goalkeeper,19.265371,0.058932763,0.097633354,,0.001132379,0.062728316,-0.10256128,0.0
204,Lucky Baloyi,Polokwane City,Right Defensive Midfielder,2.1488888,0.1994884,0.10096905,,0.034571722,0.0639476,,0.0
205,Sepana Victor Letsoalo,AmaZulu FC,Centre Forward,9.281481,-0.057048935,-0.047991477,0.055219654,0.0025641874,-0.066841304,,0.13478872
206,Menzi Alson Masuku,Royal AM FC,Left Wing,12.932963,0.20717095,-0.0019665493,0.02284385,0.010564946,0.17572875,,0.08604832
207,Sera Motebang,Royal AM FC,Centre Forward,8.548704,-0.099157706,-0.04901223,-0.035753023,-0.0014959312,-0.012896521,,0.16791725
208,Neo Maema,Mamelodi Sundowns FC,Left Centre Midfielder,10.357594,0.115041,0.06205024,-0.047669627,0.025510192,0.075150214,,0.15758133
209,Lantshene Phalane,Swallows FC,Left Defensive Midfielder,19.688148,0.16842139,0.07573281,-0.022797756,0.040968895,0.074517444,,0.021569878
210,Given Kamogelo Mashikinya,Polokwane City,Centre Attacking Midfielder,22.30963,0.044809826,0.016459065,-0.010458324,0.022834798,0.015974289,,0.09087743
211,Jabulani Nkosingiphile Ncobeni,Royal AM FC,Right Defensive Midfielder,1.4601853,0.10990207,0.055860084,,-0.0067238407,0.060765836,,0.0
212,Thapelo Jackson Mabokgwane,Richards Bay FC,Goalkeeper,4.8470373,-0.22347367,0.06808045,,,0.061131705,-0.35268584,0.0
213,Mbhazima Tshepo Rikhotso,Sekhukhune United,Right Centre Back,5.792407,0.14919454,0.12742648,,-0.025461366,0.047229443,,0.0
214,Shadrack Kobedi,Royal AM FC,Left Defensive Midfielder,11.494259,0.16690926,0.037427895,-0.021054294,0.10064221,0.049893435,,0.0141980145
215,Sibusiso Victor Magaqa,Royal AM FC,Left Defensive Midfielder,9.844814,0.117300615,0.06457525,-0.014258969,0.049936417,0.017047925,,0.0071024685
216,Cyril Thato Lingwati,Royal AM FC,Right Centre Back,3.1907406,0.059966806,0.06635341,-0.047534306,-9.712695e-05,0.04124482,,0.026703248
217,Menzi Banele Ndwandwe,Chippa United FC,Centre Forward,4.3218517,-0.3198475,-0.19712265,-0.14005408,0.04597198,-0.02864278,,0.10758387
218,Tebogo Potsane,Kaizer Chiefs FC,Left Wing,3.3537037,0.045566138,0.044190176,-0.022723496,0.0477028,-0.02360334,,0.04712332
219,Abel Ntuthuko Mabaso,Richards Bay FC,Right Defensive Midfielder,6.6190734,0.074782506,0.04488459,-0.032167517,0.0067697484,0.055295683,,0.023143345
220,Oscarine Masuluke,Stellenbosch FC,Goalkeeper,6.8101854,-0.005583219,0.12874237,,-0.09209574,0.059083782,-0.101313636,0.0
221,Lesedi Alton Kapinga,Orlando Pirates FC,Right Wing,2.8905554,-0.030630413,0.06902054,-0.06715982,-0.03584471,0.0033535727,,0.10184686
222,MacBeth Kamogelo Mahlangu,TS Galaxy FC,Right Centre Back,32.48796,0.15084514,0.05660195,-0.005292744,0.05549062,0.044045318,,0.014884577
223,Mbulelo Strydom Wambi,Swallows FC,,0.31055558,-0.106473505,-0.036235705,-0.13409741,0.028584113,0.035275497,,0.10497701
224,Ethan Duncan Brooks,AmaZulu FC,Right Defensive Midfielder,20.730185,0.09378,-0.017307913,-0.0144029055,0.0746404,0.05085043,,0.01892348
225,Thabiso Sesane,Orlando Pirates FC,Left Centre Back,7.054259,0.17400946,0.073017955,-0.002959375,0.05078725,0.053163618,,0.0016743968
226,Nyiko Mobbie,Sekhukhune United,Right Back,26.190557,0.27373832,0.1680552,-0.009743873,0.07590744,0.03951954,,0.020717556
227,Luvuyo Phewa,Cape Town Spurs,Centre Attacking Midfielder,13.364261,0.08808785,0.10045244,-0.044078615,0.0049533923,0.026760612,,0.12901336
228,Andile Mbenyane,Chippa United FC,Centre Attacking Midfielder,0.78851855,-0.07373293,0.09343741,-0.16581908,0.0034251118,-0.004776361,,0.25581276
229,Ndumiso Mabena,Polokwane City,Centre Attacking Midfielder,8.61574,0.0975422,-0.107336275,0.12647948,0.013218793,0.065180205,,0.1749244
230,Justice Figuaredo,Richards Bay FC,Centre Forward,14.963331,0.024795681,-0.032953892,0.013600881,0.014622136,0.02952654,,0.22230446
231,Siphosakhe Ntiya-Ntiya,Sekhukhune United,Left Back,9.069815,0.19542174,0.1588968,-0.012000333,0.030190105,0.018335186,,0.0059116012
232,Sipho Percevale Mbule,Mamelodi Sundowns FC,Left Centre Midfielder,9.078148,0.094336726,0.03441196,-0.02308897,0.029030623,0.053983103,,0.036952224
233,Gomolemo Grant Kekana,Mamelodi Sundowns FC,Right Centre Back,14.251667,0.1681177,0.108321086,-0.033537764,0.033897817,0.059436575,,0.03424035
234,Luke Donn Fleurs,SuperSport United FC,Left Centre Back,0.035555556,0.14484343,0.14484343,,,,,0.0
235,Boikanyo Ramathlakwane Komane,Richards Bay FC,Centre Defensive Midfielder,19.390924,0.1245974,0.034947995,0.0052093957,0.021137567,0.06330246,,0.035615373
236,Knox Mutizwa,Lamontville Golden Arrows FC,Centre Attacking Midfielder,17.028149,-0.052934386,-0.1017658,-0.023229353,0.037282143,0.03477863,,0.23893645
237,Lungelo Dube,Lamontville Golden Arrows FC,Right Defensive Midfielder,15.304074,0.01429012,0.009407918,-0.0042059384,-0.013396608,0.02248475,,0.0038945037
238,Thatayaone Ditlhokwe,Kaizer Chiefs FC,Left Centre Back,16.731853,0.14706244,0.06570333,-0.01646407,0.0724095,0.02541364,,0.011872336
239,Melusi Nkazimulo Buthelezi,Orlando Pirates FC,Goalkeeper,13.061111,-0.00034037072,0.058266282,,-0.009848391,0.06417995,-0.1129382,0.0
240,Grant Margeman,SuperSport United FC,Right Defensive Midfielder,27.629818,0.2294647,0.120633304,-0.012381306,0.027841948,0.09337071,,0.047860548
241,Sibusiso Vilakazi,Sekhukhune United,Centre Attacking Midfielder,1.8270371,-0.30980697,-0.08337659,-0.2603352,-0.026514357,0.060419172,,0.20199488
242,Junaid Sait,Swallows FC,Left Centre Back,1.9388889,0.0645827,0.045347724,,-0.002304202,0.02153918,,0.0
243,Siphesihle Mkhize,Sekhukhune United,Left Defensive Midfielder,22.369259,0.12297792,0.056099333,-0.008443735,0.037922382,0.03739991,,0.034918543
244,Jody February,Mamelodi Sundowns FC,Goalkeeper,0.75611115,0.82910174,0.1501323,,,0.019586725,0.65938276,0.0
245,Taahir Goedeman,Cape Town City FC,Right Attacking Midfielder,21.846294,0.02132352,-0.013426423,-0.011572919,0.023981398,0.022341466,,0.12455085
246,Andile Eugene Fikizolo,Polokwane City,Right Midfielder,0.8290741,0.011076244,0.12875032,,-0.13791242,0.02023837,,0.0
247,Mondli Mpoto,Royal AM FC,Goalkeeper,6.5037036,-0.41399786,0.104029864,,-0.016319405,0.0995533,-0.6012617,0.0
248,Devon Titus,Stellenbosch FC,Right Wing,27.776665,0.26645938,0.09862231,0.067942806,0.021560885,0.07833338,,0.24136421
249,Thalente Mbatha,SuperSport United FC,Left Back,0.47333336,-0.019100599,-0.018832467,-0.11817076,0.0842135,0.033689126,,0.09949366
250,Thalente Mbatha,Orlando Pirates FC,Right Defensive Midfielder,10.351851,0.12259861,0.042431828,-0.030893607,0.02481536,0.08624502,,0.047777813
251,Sphiwe Prince Mahlangu,TS Galaxy FC,Left Wing,21.24648,0.18186417,0.043825526,0.04250359,0.042866416,0.052668653,,0.19767298
252,Bongani Sam,Swallows FC,Left Back,14.196296,0.17701037,0.150478,-0.013965515,0.004691756,0.03580615,,0.016884558
253,Mashweu Basil Mphahlele,Stellenbosch FC,Right Back,1.0711111,0.27866697,0.23598169,,0.011232065,0.031453203,,0.0
254,Mashweu Basil Mphahlele,Swallows FC,Right Back,9.537593,0.21718265,0.12586641,-0.0029734941,0.05631963,0.037970107,,0.0008871009
255,Denwin Farmer,Cape Town Spurs,Left Centre Back,0.7383333,-0.7637602,0.006365451,,-0.7706697,0.000544159,,0.0
256,Leandro Gastón Sirino,Mamelodi Sundowns FC,Left Wing,5.1996293,-0.052527748,0.0030486584,-0.06487962,0.016854106,-0.0075508966,,0.05620667
257,Samir Nurkovic,TS Galaxy FC,Centre Forward,11.525185,0.0125047555,-0.05475557,0.08986712,-0.0035594753,-0.019047316,,0.33490136
258,Bongi Ntuli,AmaZulu FC,Centre Forward,2.5972223,-0.23538697,-0.05627605,-0.109111056,0.008382805,-0.07838266,,0.13509202
259,Sphesihle Maduna,Cape Town Spurs,Right Wing,2.332963,-0.012106609,-0.07317704,-0.048606828,0.023941172,0.085736096,,0.15834697
260,Ayabulela Konqobe,Chippa United FC,Centre Attacking Midfielder,14.325925,0.0848359,0.030328477,-0.022933424,0.006670649,0.07077019,,0.07542886
261,Ismail Bin Abdul Rashid Watenga,Lamontville Golden Arrows FC,Goalkeeper,18.367592,0.14257428,0.06841393,,,0.09798082,-0.023820516,0.0
262,Reyaad Pieterse,Mamelodi Sundowns FC,Goalkeeper,1.0822222,0.12238259,0.06682798,,,0.07550913,-0.01995453,0.0
263,Sabelo Radebe,Kaizer Chiefs FC,Left Centre Midfielder,0.5464815,0.14892894,-0.100018345,,0.16915749,0.07978977,,0.0
264,Siyanda Xulu,SuperSport United FC,Left Centre Back,7.882037,0.10848924,0.04296293,,0.05682363,0.008702671,,0.0
265,Abubeker Nasir Ahmed,Mamelodi Sundowns FC,Right Centre Forward,0.8885185,0.31925702,0.083227634,0.07007297,0.005307714,0.16064873,,0.7197978
266,Larry Bwalya,Sekhukhune United,Centre Attacking Midfielder,4.525185,-0.06900106,-0.11168955,0.08658234,-0.018072467,-0.02582135,,0.057844207
267,Darwin Jesús González Mendoza,Cape Town City FC,Left Wing Back,22.534258,0.26691428,0.1674668,-0.016300477,0.023067985,0.09267995,,0.14478332
268,Antonio Van Wyk,Stellenbosch FC,Left Wing,10.230742,0.14846139,0.08961572,-0.05135716,0.027884768,0.08231807,,0.22424409
269,Thabang Molaoa,Chippa United FC,Left Centre Back,4.681111,0.08460972,0.12820317,-0.047119536,-0.07099947,0.07452554,,0.0484918
270,Jaeden Rhodes,Cape Town City FC,Right Wing Back,23.12426,0.15929851,0.06351253,0.043808892,-0.0033292347,0.055306323,,0.2232106
271,Luphumlo Sifumba,Cape Town City FC,Right Attacking Midfielder,3.9666667,-0.023680974,0.04487715,-0.04331217,-0.023422008,-0.0018239293,,0.04705922
272,Edson Daniel Castillo García,Kaizer Chiefs FC,Right Defensive Midfielder,20.058704,0.0699875,0.021179924,-0.029032744,0.060409438,0.017430874,,0.13596267
273,Olwethu Mzimela,AmaZulu FC,Goalkeeper,6.463518,-0.030944292,0.05042374,,,0.031190397,-0.11255846,0.0
274,Lloyd Junior Kazapua,Chippa United FC,Goalkeeper,2.767037,0.1495998,0.12681349,,,0.10916614,-0.08637984,0.0
275,Elmo Kambindu,Chippa United FC,Centre Forward,11.142222,-0.17873071,-0.059985667,-0.035436254,-0.011232244,-0.07207656,,0.20528662
276,Fidèle Brice Ambina,Cape Town City FC,Left Defensive Midfielder,13.215926,0.09749232,0.030635191,-0.024884686,0.030944563,0.060797267,,0.029923925
277,Orebotse Mongae,TS Galaxy FC,Centre Attacking Midfielder,7.4398146,0.058104143,0.063815884,-0.06616072,0.0029174397,0.05753156,,0.07468355
278,Simphiwe Fortune Mcineka,Richards Bay FC,Right Centre Back,24.325184,0.1057342,0.034291863,-0.011812421,0.049597163,0.03365758,,0.045397036
279,Veluyeke Zulu,AmaZulu FC,Centre Back,2.6059258,-0.052478377,-0.017511223,-0.06714943,0.01786062,0.014321656,,0.069197714
280,Tshepo Wilson Mabua,Richards Bay FC,Left Back,13.132591,0.25473374,0.15839066,0.0024908148,0.037399124,0.056453146,,0.007396631
281,Lwandile Sandile Mabuya,Richards Bay FC,Right Back,18.294073,0.21416433,0.15108243,-0.0027169134,0.0198609,0.0459379,,0.00061597675
282,Sakhile Hlongwa,Richards Bay FC,Centre Forward,1.8829631,0.054430947,0.08516252,,-0.0717066,0.04097504,,0.0
283,Katlego Jackson Maphathe,Cape Town Spurs,Right Wing Back,7.9540744,0.13117689,0.038722385,-0.040091984,0.058985557,0.073560946,,0.069356225
284,Katlego Jackson Maphathe,Richards Bay FC,Right Back,2.5662963,0.18994407,0.15367696,-0.011995228,0.0023708453,0.045891445,,0.009434537
285,Khanyisa Mayo,Cape Town City FC,Centre Forward,25.093151,0.0062973024,-0.016203003,5.423959e-05,-0.005134759,0.027580813,,0.34064853
286,Liam De Kock,Stellenbosch FC,Left Back,0.0975926,0.46034205,-0.0105613405,,0.08545858,0.38544488,,0.0
287,Lorenzo Joao Gordinho,Cape Town City FC,Centre Back,21.801666,0.095184036,0.033051915,0.0012821387,0.023346277,0.03750371,,0.032647096
288,Katlego Mohamme,Sekhukhune United,Left Centre Back,1.4585185,0.22785886,0.1099724,-0.020368768,0.08190132,0.056353845,,0.0043287687
289,Genino Palace,Stellenbosch FC,Right Defensive Midfielder,14.22889,0.07446873,0.03518301,-0.05098633,0.079280935,0.010991118,,0.070632935
290,Thapelo Maseko,Mamelodi Sundowns FC,Left Wing,3.9872222,0.14804156,0.057479676,-0.0048247576,-0.04376565,0.13915232,,0.18804461
291,Hendrick Ekstein,AmaZulu FC,Left Wing,16.217964,0.01996021,-0.02661972,-0.006514249,0.020943727,0.032150444,,0.053924978
292,Tshepang Moremi,AmaZulu FC,Left Wing,16.974628,0.042431165,0.023643615,-0.0826947,0.025074843,0.07640741,,0.19473642
293,Katlego Otladisa,Orlando Pirates FC,Left Wing,3.2785187,0.03124595,0.033832267,-0.10230959,0.011596267,0.08812702,,0.07169116
294,Mpho Mvelase,TS Galaxy FC,Left Defensive Midfielder,28.175371,0.096337594,0.017547907,-0.010594513,0.037933014,0.051451195,,0.0930559
295,Thato Khiba,TS Galaxy FC,Right Defensive Midfielder,17.868706,0.16384424,0.0552818,0.03518386,0.030141093,0.043237463,,0.027703224
296,Sicelokuhle Hlatshwayo,Lamontville Golden Arrows FC,Left Defensive Midfielder,0.33259258,-0.072910875,-0.024064407,-0.04852224,-0.0131766675,0.012852434,,0.09697165
297,Vasilije Kolak,TS Galaxy FC,Goalkeeper,12.887962,0.1117628,0.040839184,,0.005002625,0.09508129,-0.029160298,0.0
298,Austin Thabani Dube,Richards Bay FC,Left Centre Back,19.489443,0.14489341,0.054265343,-0.012034572,0.07668479,0.02597786,,0.044181783
299,Cole Alexander,Polokwane City,Centre Attacking Midfielder,5.7585187,0.056380004,-9.557084e-06,-0.012265039,0.03166844,0.03698615,,0.02398239
300,Monnapule Kenneth Saleng,Orlando Pirates FC,Right Wing,11.320001,0.056707118,-0.0051204693,-0.0022537268,0.01455719,0.04952411,,0.10519213
301,Khetukuthula Ndlovu,Royal AM FC,Left Wing,2.337037,0.2315334,0.030863244,-0.09569939,0.027415588,0.26895395,,0.064591184
302,Lehlogonolo George Matlou,Kaizer Chiefs FC,Right Centre Midfielder,3.6468515,0.081089325,-0.03968492,-0.033886205,0.055769727,0.098890744,,0.019556416
303,Dillon Peter Solomons,Kaizer Chiefs FC,Right Back,6.163889,0.10205418,0.113813765,-0.0577347,-0.017027432,0.06300256,,0.036319807
304,Zukile Mkhize,Royal AM FC,Right Back,3.3770368,0.11266016,0.092968635,0.32769123,-0.38180184,0.073802285,,0.18757524
305,Kabelo Mahlasela,Royal AM FC,Centre Attacking Midfielder,25.115742,0.055794306,0.023187976,-0.007084033,0.011588163,0.02810219,,0.04240714
306,Lesego Samuel Manganyi,Royal AM FC,Left Centre Back,14.178149,0.10412777,0.04601756,0.00031133252,-0.014442415,0.072241314,,0.0015014564
307,Hugo Claude Patrick Nyamé,Royal AM FC,Goalkeeper,17.307407,0.210418,0.13663247,,0.0019907502,0.10205536,-0.030260585,0.0
308,Levy Mashiane,Royal AM FC,Centre Forward,5.751666,-0.014873059,-0.024737589,-0.011942401,0.006350554,0.015456387,,0.037496172
309,Vusimuzi William Mncube,Sekhukhune United,Left Wing,17.072964,0.15110047,0.031444978,-0.03068855,0.0038329225,0.14651108,,0.1666954
310,Moegamat Yusuf Maart,Kaizer Chiefs FC,Left Defensive Midfielder,23.381668,0.1380325,0.042156354,-0.031784434,0.03245497,0.09520558,,0.037007567
311,Kamohelo Dominic Sithole,Sekhukhune United,Centre Attacking Midfielder,3.3177779,-0.008539179,0.00079533656,-0.011481628,0.0017370236,0.00041009457,,0.074478514
312,Zuko Mdunyelwa,Chippa United FC,Right Back,13.681482,0.14621149,0.093231805,-0.012976396,0.032163873,0.033792235,,0.009656708
313,Zuko Mdunyelwa,Mamelodi Sundowns FC,Right Back,8.5629635,0.11447157,0.054968793,-0.018247541,0.005936849,0.07181348,,0.012049728
314,Roscoe Heinrich Pietersen,Chippa United FC,Right Centre Back,17.282593,0.10943147,0.09048708,-0.028212788,0.02929713,0.017860053,,0.03936878
315,Themba Mantshiyane,Lamontville Golden Arrows FC,Left Centre Back,15.275557,0.13876508,0.056981724,0.033195898,0.010503156,0.03808431,,0.017422983
316,Sbonelo Cele,Lamontville Golden Arrows FC,Left Back,12.377222,0.297249,0.24974667,-0.0037835615,0.013614925,0.03767097,,0.0020050092
317,Nqobeko Siphelele Dlamini,Lamontville Golden Arrows FC,Left Defensive Midfielder,10.01537,0.08920649,-0.0002900047,-0.012098749,0.059973575,0.041621666,,0.012217315
318,Rowan Lancaster Human,AmaZulu FC,Left Centre Midfielder,2.185741,0.101826385,-0.07798353,-0.062297784,0.088408,0.15369974,,0.11275129
319,Renaldo Leaner,Sekhukhune United,Goalkeeper,6.415555,-0.34908357,0.09613316,,,0.047093224,-0.49231,0.0
320,Kganyane Solomon Letsoenyo,TS Galaxy FC,Left Back,15.694075,0.22591296,0.15183373,-0.014029891,0.018594211,0.06951492,,0.03883698
321,Douglas Mapfumo,Polokwane City,Centre Forward,16.95815,-0.12541337,-0.057991654,-0.030224247,-0.01610312,-0.021094367,,0.14494315
322,Relebogile Mokhuoane,Cape Town City FC,Left Defensive Midfielder,10.297593,0.1376708,0.09740351,-0.04630012,0.039772324,0.046795104,,0.06586188
323,Chibuike Ohizu,Sekhukhune United,Centre Forward,21.930002,-0.10008117,-0.051897757,-0.012015746,0.002082362,-0.03825004,,0.249115
324,Lubeni Haukongo,Cape Town Spurs,Left Centre Back,7.884444,0.16998278,0.048342973,0.037997197,0.049461532,0.034181092,,0.094313584
325,Sede Junior Dion,AmaZulu FC,Centre Forward,12.380187,-0.10303698,-0.05350334,-0.063078746,0.026740618,-0.013195517,,0.40782884
326,Khuda Muyaba,Richards Bay FC,Centre Forward,7.337963,-0.0689045,-0.09055932,-0.03920266,0.010356732,0.05050077,,0.40056533
327,Badra Ali Sangaré,Sekhukhune United,Goalkeeper,22.686666,0.123258255,0.12449251,,0.0049731215,0.061352707,-0.06756008,0.0
328,Aprocious Petrus,Cape Town City FC,Centre Defensive Midfielder,9.642962,0.09158718,0.021586753,-0.03057191,0.06902303,0.0315493,,0.032590263
329,Manuel Mbara Sapunga,Polokwane City,Goalkeeper,20.564817,0.29655042,0.113335066,,,0.09734508,0.08587023,0.0
330,Olisa Harold Ndah,Orlando Pirates FC,Left Centre Back,18.720184,0.099632196,0.07813124,-0.042940855,0.0143324025,0.05010938,,0.047187082
331,Sikhethele Wandile Mabuza,Royal AM FC,Left Centre Back,15.69537,0.08024313,0.029634098,-0.0044585806,0.018032983,0.03703463,,0.016003372
332,Sinethemba Mthobisi Mngomezulu,Richards Bay FC,Centre Attacking Midfielder,1.0416666,-0.42698097,-0.13660708,-0.2383216,-0.009431982,-0.04262037,,0.43609715
333,Ntsikelelo Nxadi,Lamontville Golden Arrows FC,Right Centre Back,0.44,-0.03255452,0.0071926597,,-0.07910826,0.03936108,,0.0
334,Abdelmounaim Boutouil,Mamelodi Sundowns FC,Left Back,8.448889,0.061853994,0.07444962,-0.0014312332,-0.049923457,0.038759056,,0.0039196573
335,Brandon Petersen,Kaizer Chiefs FC,Goalkeeper,8.540925,0.4103791,0.060715865,,-0.11804595,0.029132638,0.4385765,0.0
336,Mfundo Langa Thikazi,Royal AM FC,Right Wing,13.583889,0.039482333,0.035501577,-0.07176629,0.023927331,0.051819712,,0.096238665
337,Sedwyn Curtis George,Royal AM FC,Centre Forward,11.529259,-0.04631168,-0.03539556,0.03581743,0.0032234187,-0.049956977,,0.12861021
338,Sazi Gumbi,Lamontville Golden Arrows FC,Left Defensive Midfielder,3.110741,0.067086056,-0.013057642,-0.024350023,0.048802406,0.05569134,,0.03895429
339,Letsie Koapeng,Richards Bay FC,Centre Attacking Midfielder,3.7503703,-0.15377116,-0.0807929,0.023029784,0.005876422,-0.101884454,,0.18725342
340,Letsie Koapeng,Swallows FC,Centre Forward,3.5785184,-0.13681544,0.002050068,-0.108836256,0.042406786,-0.072436035,,0.110538535
341,Pogiso Mahlangu,Sekhukhune United,Left Defensive Midfielder,2.5690742,-0.14647311,-0.0074024918,-0.029833758,-0.09470834,-0.01452854,,0.028987156
342,Selaelo Rasebotja,SuperSport United FC,Left Centre Midfielder,2.8159258,0.1507464,0.17200361,-0.049465947,0.014652399,0.013556332,,0.06751492
343,Bradley Cross,Lamontville Golden Arrows FC,Left Back,18.827406,0.17324504,0.13111407,-0.014270215,0.02862146,0.027779734,,0.010204655
344,Sibusiso Sibeko,Lamontville Golden Arrows FC,Left Wing,2.7042592,-0.01790113,-0.06890003,-0.047705535,0.05624574,0.042458687,,0.041905362
345,Patrick Norman Fisher,Cape Town City FC,Left Centre Back,5.5796304,0.30573478,0.19923949,-0.016040253,0.04321445,0.07932111,,0.009670003
346,Jeffrey Mzwandile Dlamini,Royal AM FC,Right Defensive Midfielder,18.254072,0.01218712,-0.017851172,-0.011584944,-0.0053617675,0.046985004,,0.008276995
347,Senzo Shaun Nkwanyana,Chippa United FC,Left Defensive Midfielder,1.2653704,0.27748242,0.04515374,,0.04834256,0.18398608,,0.0
348,Boitumelo Radiopane,Cape Town Spurs,Centre Forward,2.9387038,0.066921875,0.09673569,-0.015847439,0.0013627071,-0.015329089,,0.05679936
349,Fiacre Ntwari,TS Galaxy FC,Goalkeeper,19.6,0.15405042,0.14345805,,0.019214774,0.083222404,-0.09184481,0.0
350,Kegan Johannes,SuperSport United FC,Right Back,14.538889,0.2600181,0.2039006,-0.055177733,0.053528655,0.05776663,,0.062438745
351,Athenkosi Mcaba,Stellenbosch FC,Left Centre Back,8.594815,0.2047426,0.08866306,-0.004895367,0.08594032,0.035034608,,0.0029810062
352,Bilal Baloyi,SuperSport United FC,Left Centre Back,9.940926,0.09599598,0.031309593,0.069227524,-0.019873109,0.015331991,,0.07549163
353,Sam Ramsbottom,Cape Town Spurs,Goalkeeper,8.703334,-0.14624338,0.14169621,,-0.0017257803,0.04397774,-0.33019155,0.0
354,Mduduzi Shabalala,Kaizer Chiefs FC,Centre Attacking Midfielder,11.055556,0.08344884,0.04126375,-0.03659815,0.02259831,0.05618494,,0.098583244
355,Ayabulela Maxwele,Royal AM FC,Right Wing,10.063704,0.23068069,0.12166506,-0.007997277,0.03817578,0.0788371,,0.006091358
356,Nkosikhona Radebe,TS Galaxy FC,Right Back,5.639445,0.17831829,0.029845972,0.00867869,0.050927583,0.08886609,,0.13906877
357,Tshepo Gumede,Cape Town Spurs,Right Centre Back,7.8266664,0.15511866,0.06343599,-0.0104138255,0.056787148,0.045309357,,0.03920974
358,Tendamudzimu Matodzi,SuperSport United FC,Right Wing,6.272037,0.059630647,0.00064908684,-0.0196887,0.025124736,0.05354553,,0.058386855
359,Thulani Mini,Stellenbosch FC,,0.09314815,0.54869103,0.038176168,,,0.5105149,,0.0
360,Kamogelo Sebelebele,TS Galaxy FC,Right Wing,21.31963,0.12097075,-0.009549786,0.02054801,0.011542229,0.09843028,,0.18286784
361,Siphesihle Msomi,Royal AM FC,Left Defensive Midfielder,12.306482,-0.037050508,-0.013434291,-0.014605792,-0.059003767,0.04999336,,0.011474455
362,Trésor Tshibwabwa Yamba Yamba,Sekhukhune United,Right Centre Back,18.545557,0.123996064,0.030460073,-0.005804168,0.037633788,0.06170637,,0.067195326
363,Nduduzo Mhlongo,Lamontville Golden Arrows FC,Right Back,2.7361112,0.2632758,0.17251372,-0.0013799297,0.040872872,0.051269166,,0.05701899
364,Lungelo Nguse,Lamontville Golden Arrows FC,Centre Forward,13.272035,0.12752607,-0.049541835,0.18604137,-0.034318063,0.025344588,,0.24480955
365,Khulekani Shezi,Royal AM FC,Right Back,15.596111,0.1967288,0.07243526,0.013432905,0.07967755,0.031183098,,0.04139037
366,Katleho Makateng,Richards Bay FC,Left Wing,1.1733333,-0.4015829,-0.08875334,-0.30766782,0.014346552,-0.019508226,,0.32875216
367,Joaquim Cristóvão Paciência,Cape Town City FC,Centre Forward,7.8714805,-0.121526815,-0.073399134,-0.045666195,-0.029859828,0.027398333,,0.21797997
368,Samkelo Zwane,Kaizer Chiefs FC,Left Defensive Midfielder,1.562963,-0.0076432177,-0.13637665,-0.03397118,0.17669624,-0.013991627,,0.04046109
369,Msindisi Ndlovu,AmaZulu FC,Right Wing Back,0.95500004,-0.37030888,-0.25458473,-0.11084441,-0.013956168,0.009076424,,0.056309648
370,Luke Daniels,Cape Town City FC,Centre Forward,1.8398149,0.378603,-0.014405125,-0.053003583,0.18626913,0.25974262,,0.13260868
371,Lebone Seema,TS Galaxy FC,Left Centre Back,0.5842593,0.08707768,-0.03742169,,0.12655367,-0.002054297,,0.0
372,Keegan Shannon Allan,Swallows FC,Right Centre Back,9.505371,0.055455286,0.046983674,-0.037002385,0.016755775,0.028718218,,0.031480126
373,Keegan Shannon Allan,SuperSport United FC,Right Back,5.047037,0.17092004,0.18883437,-0.086409785,0.041891653,0.026603792,,0.050567515
374,Thabo Brendon Moloisane,Stellenbosch FC,Right Centre Back,28.261108,0.17154954,0.08974694,0.00444283,0.04523065,0.032129128,,0.03496009
375,Kimvuidi Keikie Karim,Orlando Pirates FC,Centre Attacking Midfielder,8.598148,0.190586,0.011900011,-0.018227441,0.017198935,0.17971452,,0.1177888
376,Elias Mokwana,Sekhukhune United,Right Wing,21.347221,0.15653874,0.042405214,0.0066366973,0.031495865,0.07600093,,0.15054652
377,Asekho Tiwani,Sekhukhune United,Left Back,11.031482,0.30577266,0.16770616,0.05189594,0.037456382,0.048714228,,0.021200923
378,Qobolwakhe Sibande,Stellenbosch FC,Left Back,9.74037,0.28735405,0.14304653,-0.017938258,0.035375472,0.1268703,,0.022594225
379,Kyle Jurgens,Stellenbosch FC,Right Back,4.5879636,0.24969752,0.13014542,,0.07781969,0.041732408,,0.0
380,Azola Ntsabo,Chippa United FC,Left Back,14.347778,0.31334212,0.18110925,-0.01590108,0.089818366,0.05831558,,0.015388843
381,Ronaldo Claudio Maarman,Chippa United FC,Centre Forward,13.221296,-0.056684982,0.012053952,-0.09891667,0.0062120715,0.023965672,,0.2508968
382,Brooklyn Poggenpoel,Chippa United FC,Left Defensive Midfielder,12.507777,0.096952856,0.044474933,-0.010691868,0.014719519,0.048450276,,0.020614402
383,Diego Appollis,Chippa United FC,Left Centre Forward,0.55092597,0.4290706,0.08806099,0.28305587,0.053263966,0.0046897465,,0.24575008
384,Aviwe Mqokozo,Chippa United FC,Left Defensive Midfielder,5.231111,0.06039669,0.0055605476,0.006573839,0.013501727,0.03476061,,0.04202583
385,Papama Tyongwana,Chippa United FC,Right Back,0.37296295,0.26236066,0.1271956,,-0.014836094,0.15000112,,0.0
386,Sergio Kammies,Chippa United FC,Right Back,17.407038,0.16652937,0.09018375,-0.004554772,0.032078993,0.0488214,,0.006673534
387,Abdi Banda,Richards Bay FC,Left Back,5.943889,0.13944514,0.099327505,-0.010938886,0.0016029826,0.049453527,,0.010421042
388,Siyanda Msani,Cape Town Spurs,Left Back,8.303519,0.13331515,0.14126626,-0.038414035,-0.04899794,0.07946091,,0.02160202
389,Jamal Omar Salim Magoola,Richards Bay FC,Goalkeeper,27.956665,0.052251622,0.12109727,,-0.025887355,0.10166819,-0.14462651,0.0
390,Yanela Xolisani Mbuthuma,Richards Bay FC,Centre Forward,13.357778,-0.06562267,-0.057322517,-0.06343355,0.057755727,-0.0026223448,,0.22387025
391,Moses Mthembu,Richards Bay FC,Right Defensive Midfielder,11.723333,-0.029541556,0.012261783,-0.019600203,-0.02412447,0.0019213179,,0.029269904
392,Langelihle Mhlongo,Richards Bay FC,Left Centre Midfielder,19.877407,0.121589564,-0.0019622059,0.04044961,0.03292208,0.05018007,,0.049631547
393,Romario Siyanda Dlamini,Richards Bay FC,Right Back,19.41926,0.2731593,0.1573754,-0.0065147937,0.069420405,0.052878298,,0.008936842
394,Lesiba William Nku,Mamelodi Sundowns FC,Right Wing,9.342777,0.29540563,0.05293658,0.111520946,0.047712047,0.0832361,,0.27461413
395,Etiosa Godspower Ighodaro,SuperSport United FC,Centre Forward,10.4777775,0.087324634,-0.04864827,0.021612942,-0.0026746271,0.11703458,,0.43716905
396,Mervin Boji,Stellenbosch FC,Centre Forward,2.5000002,-0.10909646,-0.12329749,-0.04606354,-0.029264087,0.08952865,,0.24940975
397,Zakahle Xolani Ngcobo,Royal AM FC,Goalkeeper,6.509444,-0.10102573,0.09150618,,,0.052121688,-0.24465351,0.0
398,Katlego Mkhabela,Sekhukhune United,Right Back,2.8457408,0.26314768,0.120017074,-0.006993475,0.073912725,0.07621134,,0.007282863
399,Siyabonga Paul Khumalo,Swallows FC,Left Wing,3.9935184,-0.049340323,-0.037767448,-0.02251267,-0.008595481,0.019535292,,0.015331812
400,Patrick Maswanganyi,Orlando Pirates FC,Centre Attacking Midfielder,26.771666,0.2621084,0.10787323,0.020391272,0.012896928,0.120946966,,0.16508716
401,Ranga Piniel Chivaviro,Kaizer Chiefs FC,Centre Forward,10.497222,-0.0063182865,-0.04710529,0.040970787,0.022367468,-0.022551259,,0.2360683
402,Ismaël Olivier Touré,Stellenbosch FC,Left Centre Back,27.116667,-0.0007441621,0.05501828,-0.046275802,-0.04872867,0.039242033,,0.04081918
403,Thulani Gumede,Richards Bay FC,Left Wing,14.921113,0.049454663,-0.06566784,-0.04844401,0.052830476,0.110736035,,0.10924666
404,Riyaaz Nell,Cape Town Spurs,Centre Forward,2.268889,-0.33363143,-0.13538212,-0.17995049,1.7995231e-05,-0.018316815,,0.14443056
405,Yandisa Mfolozi,SuperSport United FC,,0.17185184,0.874919,0.8307113,,,0.04420753,,0.0
406,Masizakhe Myataza,Polokwane City,Goalkeeper,1.0398148,-0.37270865,0.058087043,,,0.20519592,-0.63599163,0.0
407,Bandile Dlamini,Royal AM FC,Left Wing,0.73851854,-0.14198287,-0.04639024,-0.07472224,0.041555643,-0.062426046,,0.06085498
408,Andile Mpisane,Royal AM FC,Centre Attacking Midfielder,0.6298148,-0.18031316,-0.012761074,,0.023339655,-0.19089173,,0.0
409,Mlungisi Mxolisi Sikakane,Royal AM FC,Right Centre Back,6.712592,0.0153233465,0.026369108,-0.0051658633,-0.045933716,0.040053815,,0.0037341118
410,Souaibou Marou,Orlando Pirates FC,Centre Forward,0.4862963,-1.0043473,-0.053489193,,0.12021129,-1.0710695,,0.0
411,Stanley Bobo Nwabali,Chippa United FC,Goalkeeper,27.802593,0.32354495,0.1588739,,-0.020660426,0.08268347,0.102648035,0.0
412,Wandile Duba,Kaizer Chiefs FC,Centre Forward,3.5894444,-0.37695366,-0.10736238,-0.23366393,0.0135338595,-0.049461253,,0.20151524
413,Juan Camilo Zapata Londoño,Cape Town City FC,Right Attacking Midfielder,4.606296,0.033627197,0.03941624,-0.049987387,0.0007162401,0.0434821,,0.10636455
414,Siyabonga Mabena,Mamelodi Sundowns FC,Right Wing,2.7625923,0.30103433,-0.041759487,0.24667014,0.02037868,0.075745024,,0.35051683
415,Christian Saile Basomboli,Kaizer Chiefs FC,Right Wing,18.926666,0.056152005,-0.02105338,-0.016071813,0.006025713,0.08725147,,0.2073856
416,Hopewell Cele,Royal AM FC,Centre Attacking Midfielder,9.990555,0.0112909395,-0.006261499,-0.0021113933,0.006804785,0.012859055,,0.067348145
417,Ntandoyenkosi Nkosi,Mamelodi Sundowns FC,Centre Defensive Midfielder,0.42796296,0.12514296,0.036760412,,0.04382822,0.044554327,,0.0
418,Siyanda Nyanga,Mamelodi Sundowns FC,Right Centre Midfielder,0.2288889,0.18584569,0.17526907,,-0.016995559,0.027572168,,0.0
419,Efmamjjasond González Palacios,Kaizer Chiefs FC,Centre Forward,4.254074,-0.13901539,-0.0789787,-0.051912013,-0.007878072,-0.00024662106,,0.057960577
420,Relebohile Mofokeng,Orlando Pirates FC,Left Wing,20.906479,0.22560395,0.09657183,0.018895773,0.019020742,0.091115564,,0.24464263
421,Thabo Makhele,Chippa United FC,Right Centre Back,17.482222,0.07136094,0.06401851,-0.029806202,0.027681008,0.009467636,,0.029357731
422,Michael Alan Morton,Cape Town Spurs,Right Wing Back,12.363147,0.21097481,0.09957469,0.030767659,0.04185111,0.038781386,,0.054346364
423,Jarrod Aidan Moroole,Cape Town Spurs,Left Centre Back,15.111851,0.2568527,0.057875503,0.011085725,0.11982795,0.06806348,,0.059730243
424,Logan Brown,Cape Town Spurs,Right Centre Back,5.358333,0.14108078,0.035039138,-0.011102334,0.07409245,0.04305148,,0.011021426
425,Morne Nel,Cape Town Spurs,Left Defensive Midfielder,11.417038,0.13580993,0.03468359,-0.03354274,0.071275055,0.06339403,,0.030351963
426,Asenele Velebayi,Cape Town Spurs,Left Wing,13.195001,0.083196044,0.021728778,-0.045768235,-0.030038202,0.13727371,,0.10279002
427,Rushwin Wayne Dortley,Cape Town Spurs,Left Centre Back,24.234259,0.11798546,0.10521947,-0.0367604,-0.005473227,0.0549996,,0.030885817
428,Chumani Thembile Butsaka,Cape Town Spurs,Right Defensive Midfielder,20.435556,0.23436219,0.029758573,-0.0061738924,0.0568965,0.15388103,,0.061735112
429,Therlo Moosa,Cape Town Spurs,Centre Forward,15.617965,-0.19185326,-0.09645482,-0.09334387,0.049072526,-0.051127125,,0.17068326
430,Colin Ryan,Cape Town Spurs,Right Defensive Midfielder,4.0044446,0.055677406,0.085515745,-0.04208638,-0.039195493,0.05144356,,0.024407245
431,Zama Happy Dlamini,Cape Town Spurs,Goalkeeper,4.2546296,-0.3578272,0.052767243,,,0.083239056,-0.4938336,0.0
432,Cohen Bromwell Stander,Cape Town Spurs,Left Back,3.2342594,0.02497601,0.168594,-0.038459186,-0.23638137,0.1312225,,0.024036756
433,Liam Bern,Cape Town Spurs,Left Defensive Midfielder,16.91148,0.1392663,0.056627363,-0.009248877,0.059785545,0.03210227,,0.008529737
434,Luyolo Slatsha,Cape Town City FC,Right Defensive Midfielder,11.240741,0.052308995,0.0014335151,-0.005996815,0.02723244,0.02963986,,0.0026322843
435,Salifu Colley,Stellenbosch FC,Left Midfielder,0.46462962,-0.18222035,-0.04949351,-0.42868176,0.34259877,-0.046643887,,0.54983526
436,Wisdom Moyela Libamba,Lamontville Golden Arrows FC,Centre Forward,2.1325927,0.496787,0.0036942302,0.3562207,0.04937983,0.08749223,,0.4252299
437,Thabang Malose Maponya,Swallows FC,Right Back,4.1644444,0.38978127,0.1862888,-0.013139494,0.123328894,0.09330306,,0.067732595
438,Olufemi Kayode,Lamontville Golden Arrows FC,Goalkeeper,1.1274074,0.060236134,0.06357432,,,0.051854618,-0.055192817,0.0
439,Siphelo Baloni,Orlando Pirates FC,Right Defensive Midfielder,3.5781481,-0.09881234,-0.019724857,-0.054602902,-0.15209338,0.12760878,,0.03805394
440,Kgomotso Mosadi,Sekhukhune United,Right Wing,3.987778,-0.030022467,0.036192294,-0.15004322,0.031727802,0.05210067,,0.16619317
441,Miguel Antonio Dias,Sekhukhune United,Left Centre Midfielder,0.14722222,0.2695069,-0.14383478,,0.106125645,0.30721602,,0.0
442,Anicet Alain Oura,Stellenbosch FC,Left Wing,19.964817,0.039087206,0.004316215,-0.040708724,0.011133123,0.06434661,,0.2584723
443,Sanele Radebe,Royal AM FC,Left Wing,1.3444444,-0.099021435,-0.08655211,,-0.0043870597,-0.008082243,,0.0
444,Sabelo Sithole,Royal AM FC,Left Back,9.794999,0.3728066,0.11521105,0.041093186,0.11156506,0.10493731,,0.13475713
445,Mondli Mbanjwa,AmaZulu FC,Right Centre Midfielder,12.011295,0.13866356,0.036354948,-0.036199078,0.06409214,0.07441555,,0.08119773
446,Baraka Majogoro,Chippa United FC,Right Defensive Midfielder,13.583147,0.027396694,-0.00056651223,-0.020966275,-0.0009253994,0.04985488,,0.018003955
447,Ramazani Tshimanga,Cape Town City FC,Centre Back,1.1107408,0.025005147,0.023519672,-0.14562055,0.08784833,0.059257686,,0.08498638
448,Nyakala Raphadu,Polokwane City,Centre Attacking Midfielder,6.506852,0.0538676,0.009780634,-0.029681692,0.06815693,0.0056117293,,0.08536872
449,Mokibelo Simon Ramabu,Polokwane City,Right Midfielder,24.30722,0.09930887,0.06371269,-0.035079267,0.027945999,0.04272945,,0.15803097
450,Francis Mooketsi Baloyi,Polokwane City,Right Centre Back,3.2251852,0.13516814,0.01206241,-0.018998422,0.120171905,0.021932231,,0.015880687
451,Luciano van Heerden,Polokwane City,Right Defensive Midfielder,1.5242593,0.13120754,0.054537136,,0.08226003,-0.005589641,,0.0
452,Stevens Goovadia,Polokwane City,Right Midfielder,4.1525927,0.28951937,0.24971046,-0.015847685,0.026893497,0.028763112,,0.023931146
453,Langelihle Ndlovu,Polokwane City,Left Back,17.988705,0.20065796,0.13793963,-0.0056314417,0.027566493,0.040783294,,0.0015253355
454,Lebohang Petrus Nkaki,Polokwane City,Left Centre Back,30.000925,0.14394498,0.082990386,-0.019659083,0.05656669,0.024046997,,0.04180093
455,Ndamulelo Rodney Maphangule,Polokwane City,Right Defensive Midfielder,22.737965,0.092945024,0.04472594,-0.0076129735,0.028530378,0.02730169,,0.008284919
456,Tlou Nkwe,Polokwane City,Left Back,12.766296,0.2282413,0.15996075,-0.0020132116,0.0013306016,0.06896319,,0.007536906
457,Bulelani Nikani,Polokwane City,Right Centre Back,28.007227,0.121801436,0.0849858,-0.0153881,0.032478057,0.019725692,,0.06959317
458,Hlayisi Chauke,Polokwane City,Centre Forward,9.216296,-0.23768489,-0.106774285,-0.10029708,0.023828313,-0.05444184,,0.21356547
459,Lindokuhle Dhladhla,Polokwane City,Right Midfielder,0.53907406,-0.005657251,-0.08523719,,-0.017682591,0.097262524,,0.0
460,Tholo Thabang Matuludi,Polokwane City,Right Back,29.066854,0.33189392,0.26107237,-0.049373515,0.035909075,0.08428597,,0.10697046
461,Ntlweleng Obed Thuto,Polokwane City,Right Back,0.6237037,0.23562944,0.13730337,,0.058608178,0.03971785,,0.0
462,Samuel Bafana Nana,Polokwane City,Right Midfielder,4.5935183,0.07823179,-0.0024075874,-0.039852068,0.03407717,0.086414285,,0.054400217
463,Lindokuhle Mathebula,Polokwane City,Goalkeeper,8.626481,-0.029417502,0.10357407,,,0.089470066,-0.22246164,0.0
464,Ime Okon,SuperSport United FC,Right Centre Back,20.824259,0.10570154,0.05887726,-0.035159267,0.03662324,0.045360316,,0.06544532
465,Shandre Campbell,SuperSport United FC,Left Wing,12.620184,0.24808973,0.20361632,-0.0027107464,0.0113433525,0.035840765,,0.19815852
466,Risen Albert,SuperSport United FC,Right Centre Forward,0.4912963,-0.21289693,-0.06459543,-0.040248297,-0.015946189,-0.09210708,,0.38217437
467,Jabu Matsio,SuperSport United FC,Centre Defensive Midfielder,0.6333333,0.21354252,0.0010007977,0.1268431,0.016898118,0.0688005,,0.026963785
468,Thato Mohlamme,Richards Bay FC,Centre Attacking Midfielder,2.1751852,0.01462098,-0.026627902,0.023905719,-0.021387838,0.038731005,,0.059216432
469,Thobani Mthembu,Richards Bay FC,Left Midfielder,1.5105555,0.5249935,0.019327758,-0.11119278,0.022925999,0.5939326,,0.09011766
470,Bandile Ndlovu,Richards Bay FC,Right Defensive Midfielder,1.4279629,0.07711956,0.06861146,,0.08302305,-0.074514955,,0.0
471,Angelo Van Rooi,Lamontville Golden Arrows FC,Right Wing,15.415,0.20249595,0.072272904,0.005505803,0.021849174,0.10286805,,0.16328178
472,Olwethu Ncube,Lamontville Golden Arrows FC,Centre Attacking Midfielder,6.48111,0.20389986,-0.045389943,0.22268833,0.011188784,0.01541265,,0.24142456
473,Siyanda Mthanti,Lamontville Golden Arrows FC,Right Wing,14.49426,0.21842645,0.0732455,0.030829748,0.022680527,0.09167069,,0.09875267
474,Lehlohonolo Bradley Mojela,TS Galaxy FC,Centre Forward,23.35574,0.13727507,0.010963438,0.029381696,0.006386477,0.090543464,,0.1373905
475,Thabang Ernest Rakwena,TS Galaxy FC,Right Wing,4.336667,0.0701355,0.034571525,-0.028260153,0.0043048016,0.059519313,,0.105620086
476,Daweron Van Rhyn,Swallows FC,Left Defensive Midfielder,1.4707408,0.12260542,0.012831255,-0.039358042,0.06464433,0.08448788,,0.034591712
477,Nhlanhla Zwane,Lamontville Golden Arrows FC,Right Defensive Midfielder,11.164259,0.07252076,-0.020732695,-0.02004112,0.03530862,0.07798596,,0.044607665
478,Keenan Bezuidenhout,SuperSport United FC,Centre Attacking Midfielder,4.942592,0.0065377327,-0.009179663,-0.043513786,0.017162954,0.042068224,,0.114559434
479,Sinoxolo Kwayiba,Chippa United FC,Right Defensive Midfielder,11.303147,0.16818959,-0.014302367,0.104157165,0.03709054,0.041244254,,0.18669713
480,Khaya Mfecane,Cape Town Spurs,Right Back,2.9331481,0.025004294,0.031520154,-0.08791482,0.045518283,0.035880674,,0.28114176
481,Lehlohonolo Mtshali,Sekhukhune United,Left Defensive Midfielder,7.661482,0.22054677,0.10923136,0.005249638,0.038864587,0.06720118,,0.038825244
482,Mkhuseli Rampa,Swallows FC,,0.17222223,-0.024819355,-0.03687255,,,0.012053193,,0.0
483,Falakhe Tshanini,Swallows FC,Left Back,7.8822227,0.19220895,0.15703426,-0.023739737,0.034557957,0.024356449,,0.011271622
484,Teboho Motloung,Lamontville Golden Arrows FC,Left Midfielder,1.6107408,0.11427965,0.09380193,-0.10517712,0.048871398,0.07678345,,0.1277666
485,Nkululeko Miya,Richards Bay FC,Left Centre Midfielder,2.9588888,-0.042126644,-0.05310595,-0.11607629,0.07452896,0.05252664,,0.097025245
486,Samukelo Kabini,TS Galaxy FC,Left Back,14.0246315,0.1843211,0.106390186,-0.016862163,0.046001278,0.04879182,,0.01130782
487,Tumi Daniel Ngwepe,Polokwane City,Left Defensive Midfielder,0.5101852,0.4178109,-0.044671535,-0.11053182,0.5453085,0.02770581,,0.062701635
488,Ashley Cupido,Cape Town Spurs,Left Centre Forward,17.735739,0.11277531,-0.035492934,0.0801403,0.02318405,0.04494389,,0.2900105
489,Siyanda Hlangabeza,AmaZulu FC,Right Defensive Midfielder,0.24000001,-0.0737512,-0.05124012,,0.0112388395,-0.033749912,,0.0
490,Ayanda Jiyane,Royal AM FC,Right Centre Back,21.649075,0.15953602,0.059674624,-0.008146282,0.042580314,0.06542738,,0.007455725
491,Thabang Semache,TS Galaxy FC,Left Defensive Midfielder,2.3064816,-0.003969768,0.011831372,-0.010290395,-0.037358616,0.031847876,,0.021760847
492,Shakeel April,Cape Town City FC,Right Wing Back,1.0885184,0.052274458,0.061942663,-0.08713796,-0.049799144,0.12726893,,0.06715072
493,Abdulrazack Mohamed Hamza,SuperSport United FC,Right Back,2.1144445,0.21661973,0.09627075,,0.055566166,0.06478286,,0.0
494,Ryan Baartman,Sekhukhune United,Left Centre Back,2.1542592,0.18053545,0.10250075,-0.076172814,0.14476748,0.009440047,,0.040443007
495,Luke Junio Baartman,Cape Town Spurs,Left Centre Forward,6.0699997,-0.042495225,-0.02504209,-0.037203237,-0.0037031951,0.023453305,,0.1622135
496,Puleng Dennis Marema,Polokwane City,Centre Attacking Midfielder,3.3011107,0.03446191,0.11564963,-0.047271784,0.010001013,-0.04391694,,0.03361754
497,Nkosikhona Ndaba,Richards Bay FC,Left Back,16.50926,0.18781705,0.14338882,-0.009056396,0.011829751,0.041654892,,0.007943205
498,Laurent Junior Magby Gbagbo,Lamontville Golden Arrows FC,Right Centre Forward,0.10685185,-0.31663874,-0.46105927,,,0.14442053,,0.0
499,Owethu Khumalo,Swallows FC,Left Centre Forward,0.88574076,-0.024514075,-0.14302711,0.047465276,0.06711851,0.0039292546,,0.060478672
500,Mogamat Faiz Abrahams,Cape Town Spurs,Right Wing,1.0262964,0.12833437,0.14604102,-0.01603739,0.051091995,-0.05276128,,0.026885811
501,Jacob Everson,Swallows FC,Left Midfielder,9.032593,0.025000509,-0.06015598,-0.014388494,0.040483892,0.059061084,,0.06313522
502,Roland Sanou,Swallows FC,Right Defensive Midfielder,7.3040743,0.07398363,-0.015030954,-0.06607736,0.11006071,0.045031242,,0.093070045
503,Tshabalala Sibusiso,Polokwane City,Centre Forward,3.6762967,-0.22156054,-0.12699397,-0.010493452,-0.0014994777,-0.082573615,,0.041681454
504,Mfundo Vilakazi,Kaizer Chiefs FC,Left Wing,1.5031481,0.10436168,-0.01769231,-0.08941656,0.021715263,0.18975529,,0.048113707
505,Darren Johnson,Chippa United FC,Goalkeeper,2.1564815,0.5330257,0.12930055,,,0.009764255,0.3939609,0.0
506,Heaven Sereets,Cape Town City FC,Left Wing Back,7.3140745,0.056344584,0.03965912,-0.018174956,0.012505747,0.022354675,,0.07173325
507,Gabriel Gadiel Michael Kamagi,Cape Town Spurs,Left Wing Back,10.419259,0.19592042,0.14323916,-0.0098878695,0.027423542,0.0351456,,0.026143402
508,Siviwe Nkwali,Cape Town Spurs,Right Centre Back,12.513334,0.23379634,0.09071751,-0.0016953462,0.11951977,0.025254423,,0.012616522
509,Michael Sarpong,Sekhukhune United,Centre Forward,0.96148145,-0.03517168,-0.0015714518,-0.075659595,0.044452026,-0.002392655,,0.067989856
510,Puso Dithejane,TS Galaxy FC,Centre Attacking Midfielder,10.293333,0.07417874,0.008537963,-0.028938306,0.0099456,0.08463348,,0.1330741
511,John Mwengani,Lamontville Golden Arrows FC,Left Centre Back,5.723333,0.2831987,0.01721131,-0.0071202596,0.22368544,0.04942216,,0.004306435
512,David Thokozani Lukhele,Lamontville Golden Arrows FC,Right Back,5.841296,0.08247275,0.16123079,-0.008397843,-0.11336001,0.04299982,,0.00426437
513,Thabang Mahlangu,SuperSport United FC,Centre Forward,0.99555564,-0.35082743,-0.038068466,-0.2678434,-0.010528255,-0.034387324,,0.36068183
514,Lwanda Mbanjwa,Swallows FC,Right Midfielder,4.9251857,-0.0052760476,-0.0035858082,-0.12338256,0.010920443,0.11077185,,0.13121301
515,Ntsikelelo Ngqonga,Swallows FC,Left Back,7.3037033,0.20561968,0.0982444,-0.005650795,0.047776774,0.06524929,,0.006213181
516,Azola Jakalashe,Cape Town Spurs,Right Wing,0.57481486,-0.3123743,-0.11609717,-0.21846159,0.023342699,-0.0011582904,,0.32598788
517,Cameron Carnell,Sekhukhune United,Left Midfielder,0.48981485,0.093892045,0.052830014,,0.08436956,-0.043307524,,0.0
518,Muhammad Shaakir Ahmed,Stellenbosch FC,Right Back,0.19537038,0.25479817,-0.052142415,,0.08923985,0.21770072,,0.0
519,Ahshene Jody Lee,Cape Town City FC,Centre Forward,3.5924072,0.06600728,0.0273196,0.054601032,-0.0069364435,-0.008976911,,0.121042475
520,Mlungisi Zwane,TS Galaxy FC,Left Wing,0.48092592,1.7038486,0.027041884,-0.20148121,0.06313294,1.8151551,,0.10930115
521,Siviwe Magidigidi,SuperSport United FC,Right Midfielder,3.7555556,-0.07324276,0.014059159,-0.080251954,0.0043660006,-0.0114159705,,0.16025175
522,Aphiwe Baliti,SuperSport United FC,Left Back,2.978148,0.3616275,0.36869368,0.028412677,-0.038134027,0.0026551487,,0.17052448
523,Schoeman Mthembu,Chippa United FC,,0.06944445,-0.23145263,-0.11167689,,-0.119775765,,,0.0
524,Lucky Muthewi,SuperSport United FC,Centre Forward,1.4044445,0.060755957,-0.03204054,0.13793832,0.00983754,-0.054979354,,0.21626815
525,Langelihle Phili,Stellenbosch FC,,0.16018519,-0.13286316,0.04949702,,-0.14739637,-0.034963783,,0.0
526,Asanele Bonani,Chippa United FC,Right Wing,0.11092593,-0.3894424,-0.06449638,,,-0.32494605,,0.0
527,Yao Léonard Djaha,Swallows FC,,0.062962964,0.19804409,0.08665179,,0.12297193,-0.011579644,,0.0
528,Donnay Jansen,Kaizer Chiefs FC,Right Back,1.0961112,0.14870335,0.08314159,,-0.011962543,0.07752429,,0.0
529,Sisanda Phoyisa Mbhele,Royal AM FC,Left Wing,0.09796296,0.0681287,0.1439845,,0.06876772,-0.1446235,,0.0
530,Thokozani Sibanyoni,TS Galaxy FC,Centre Forward,0.11055555,-0.40711436,-0.19161104,,-0.01539727,-0.20010608,,0.0
